id,first_name,last_name,email,gender
1,Torrey,Burhill,tburhill0@surveymonkey.com,Male
2,Scarface,MacAindreis,smacaindreis1@marketwatch.com,Male
3,Jefferson,Rohloff,jrohloff2@wordpress.com,Male
4,Flint,Delicate,fdelicate3@uiuc.edu,Male
5,Augusto,Darlington,adarlington4@google.it,Male
6,Garwin,Ashburner,gashburner5@hao123.com,Male
7,Faunie,Fibben,ffibben6@shinystat.com,Female
8,Valery,Pesterfield,vpesterfield7@rakuten.co.jp,Female
9,Sig,Birrell,sbirrell8@si.edu,Male
10,Miguel,Watson-Brown,mwatsonbrown9@weather.com,Male
11,Correna,Danelet,cdaneleta@msn.com,Female
12,Luciana,Grayshan,lgrayshanb@reverbnation.com,Female
13,Gabbi,Easterling,geasterlingc@nyu.edu,Female
14,Waldon,Ricci,wriccid@printfriendly.com,Male
15,Christi,Buttel,cbuttele@issuu.com,Female
16,Dorolisa,Small,dsmallf@un.org,Female
17,Ewan,Scare,escareg@infoseek.co.jp,Male
18,Daphne,Simeons,dsimeonsh@cpanel.net,Female
19,Yetty,Castagnone,ycastagnonei@artisteer.com,Female
20,Ruggiero,Decaze,rdecazej@telegraph.co.uk,Male
21,Godwin,Kielt,gkieltk@omniture.com,Male
22,Archibold,Evanson,aevansonl@pbs.org,Male
23,Zandra,Jouanny,zjouannym@wunderground.com,Female
24,Sophey,Farrant,sfarrantn@odnoklassniki.ru,Female
25,Kingston,Feedham,kfeedhamo@opensource.org,Male
26,Stacy,Gibbings,sgibbingsp@wikispaces.com,Female
27,Marv,Bolger,mbolgerq@comsenz.com,Male
28,Chris,MacCaig,cmaccaigr@artisteer.com,Female
29,Cordie,Winslow,cwinslows@taobao.com,Male
30,Baxter,Borg-Bartolo,bborgbartolot@cbslocal.com,Male
31,Silvain,Ambresin,sambresinu@acquirethisname.com,Male
32,Warde,Cabble,wcabblev@nifty.com,Male
33,Rebeka,Clancy,rclancyw@ehow.com,Female
34,Anselm,Hardacre,ahardacrex@liveinternet.ru,Male
35,Hannah,Halse,hhalsey@instagram.com,Female
36,Ignazio,McAdam,imcadamz@rambler.ru,Male
37,Kelbee,Wheater,kwheater10@earthlink.net,Male
38,Madelle,D' Angelo,mdangelo11@ocn.ne.jp,Female
39,Nickola,Callington,ncallington12@biglobe.ne.jp,Male
40,Keith,Domanski,kdomanski13@howstuffworks.com,Male
41,Nanci,Tollfree,ntollfree14@cargocollective.com,Female
42,Atlanta,Coryndon,acoryndon15@elpais.com,Female
43,Dal,Growcock,dgrowcock16@ucoz.ru,Male
44,Becka,Shuker,bshuker17@sogou.com,Female
45,Nicki,Pettendrich,npettendrich18@miibeian.gov.cn,Female
46,Cherise,Hawthorn,chawthorn19@microsoft.com,Female
47,Ginger,Capp,gcapp1a@drupal.org,Female
48,Hoebart,Dauber,hdauber1b@nba.com,Male
49,Nancey,Silbermann,nsilbermann1c@ebay.co.uk,Female
50,Pavel,Durrans,pdurrans1d@topsy.com,Male
51,Jacob,Laurie,jlaurie1e@prweb.com,Male
52,Tad,Burbidge,tburbidge1f@mediafire.com,Male
53,Ursulina,Lipyeat,ulipyeat1g@github.io,Female
54,Joseph,Outlaw,joutlaw1h@spotify.com,Male
55,Malia,Fawlo,mfawlo1i@weebly.com,Female
56,Helge,Wreiford,hwreiford1j@newyorker.com,Female
57,Shauna,Kassidy,skassidy1k@census.gov,Female
58,Reuben,Veltmann,rveltmann1l@istockphoto.com,Male
59,Babs,Ginner,bginner1m@technorati.com,Female
60,Hatty,Baythrop,hbaythrop1n@netlog.com,Female
61,Amara,Bairstow,abairstow1o@businessinsider.com,Female
62,Sam,Fosdyke,sfosdyke1p@uiuc.edu,Female
63,Alena,Papes,apapes1q@ezinearticles.com,Female
64,Nadiya,Whitebrook,nwhitebrook1r@smh.com.au,Female
65,Bert,Zuanelli,bzuanelli1s@t-online.de,Female
66,Connie,Gianetti,cgianetti1t@ed.gov,Male
67,Benjie,Feldon,bfeldon1u@freewebs.com,Male
68,Lucia,Frith,lfrith1v@youtube.com,Female
69,Court,Neasam,cneasam1w@icio.us,Male
70,Odelinda,Beaze,obeaze1x@geocities.com,Female
71,Martie,Farish,mfarish1y@ask.com,Female
72,Sonnie,Fabri,sfabri1z@businessinsider.com,Female
73,Vina,Halifax,vhalifax20@china.com.cn,Female
74,Inigo,Halfacree,ihalfacree21@about.com,Male
75,Marcelo,Frichley,mfrichley22@disqus.com,Male
76,Eli,Durham,edurham23@about.com,Male
77,Sullivan,Dewan,sdewan24@google.co.uk,Male
78,Will,Drohan,wdrohan25@chicagotribune.com,Male
79,Yancey,Sharpus,ysharpus26@netscape.com,Male
80,Sheilah,Auchterlonie,sauchterlonie27@1und1.de,Female
81,Daniella,Scarlan,dscarlan28@pagesperso-orange.fr,Female
82,Eli,Marchington,emarchington29@state.tx.us,Male
83,Feodora,Soame,fsoame2a@chronoengine.com,Female
84,Pierson,Irlam,pirlam2b@soundcloud.com,Male
85,Marjie,Rubinchik,mrubinchik2c@ezinearticles.com,Female
86,Seline,Ioannou,sioannou2d@sphinn.com,Female
87,Philipa,Jephcote,pjephcote2e@businessinsider.com,Female
88,Elliott,Reburn,ereburn2f@imgur.com,Male
89,Amata,Crudginton,acrudginton2g@miitbeian.gov.cn,Female
90,Lilllie,Ivoshin,livoshin2h@comcast.net,Female
91,Ron,Domange,rdomange2i@dailymotion.com,Male
92,Alexandr,Davidge,adavidge2j@acquirethisname.com,Male
93,Gregor,Dollin,gdollin2k@pagesperso-orange.fr,Male
94,Delcine,De Filippo,ddefilippo2l@storify.com,Female
95,Bendix,Appleyard,bappleyard2m@yelp.com,Male
96,Minerva,Firmager,mfirmager2n@netvibes.com,Female
97,Gayleen,Hargrove,ghargrove2o@alibaba.com,Female
98,Cacilie,Hughson,chughson2p@elpais.com,Female
99,Philip,Baudone,pbaudone2q@google.cn,Male
100,Pauline,Wybron,pwybron2r@hostgator.com,Female
101,Garvey,Waters,gwaters2s@mediafire.com,Male
102,Zorana,Crabtree,zcrabtree2t@scientificamerican.com,Female
103,Gilles,Bailles,gbailles2u@skyrock.com,Male
104,Lettie,Gotfrey,lgotfrey2v@123-reg.co.uk,Female
105,Caron,Veldstra,cveldstra2w@engadget.com,Female
106,Tristan,Roome,troome2x@time.com,Male
107,Hermie,Hallyburton,hhallyburton2y@washingtonpost.com,Male
108,Winfield,Thoms,wthoms2z@ucsd.edu,Male
109,Nehemiah,Gordge,ngordge30@apache.org,Male
110,Freddy,Leeder,fleeder31@forbes.com,Female
111,Teddi,Andriuzzi,tandriuzzi32@infoseek.co.jp,Female
112,Jenda,Mapston,jmapston33@newsvine.com,Female
113,Denny,Robardey,drobardey34@slashdot.org,Female
114,Deane,Trenholme,dtrenholme35@sun.com,Male
115,Lindsay,Blythin,lblythin36@msu.edu,Female
116,Trefor,Swanwick,tswanwick37@vimeo.com,Male
117,Kean,Barbosa,kbarbosa38@jugem.jp,Male
118,Rona,Maddaford,rmaddaford39@illinois.edu,Female
119,Cody,De Ruel,cderuel3a@163.com,Male
120,Lorita,Saunder,lsaunder3b@tuttocitta.it,Female
121,Reggie,Bento,rbento3c@state.gov,Male
122,Giraldo,Slowly,gslowly3d@lulu.com,Male
123,Reggis,Beardsall,rbeardsall3e@nymag.com,Male
124,Abbie,Grayley,agrayley3f@va.gov,Male
125,Rahel,Greystock,rgreystock3g@blogspot.com,Female
126,Morie,Rowbottam,mrowbottam3h@ning.com,Male
127,Cos,Howieson,chowieson3i@yahoo.com,Male
128,Harald,Gard,hgard3j@webnode.com,Male
129,Robbi,Mattersey,rmattersey3k@usa.gov,Female
130,Yvor,Kiehne,ykiehne3l@deliciousdays.com,Male
131,Faydra,Farnorth,ffarnorth3m@gnu.org,Female
132,Reggie,Iwanowicz,riwanowicz3n@elegantthemes.com,Male
133,Parker,Gorden,pgorden3o@360.cn,Male
134,Bord,Deverell,bdeverell3p@w3.org,Male
135,Beniamino,Deniseau,bdeniseau3q@ted.com,Male
136,Verina,Galero,vgalero3r@oracle.com,Female
137,Valentine,Dillingham,vdillingham3s@twitpic.com,Male
138,Sloan,Landsberg,slandsberg3t@moonfruit.com,Male
139,Cristal,Haistwell,chaistwell3u@technorati.com,Female
140,Jocelyn,Frankton,jfrankton3v@vistaprint.com,Female
141,Lee,Pithie,lpithie3w@huffingtonpost.com,Male
142,Randal,Goter,rgoter3x@zimbio.com,Male
143,Egan,Pinel,epinel3y@mit.edu,Male
144,Gaylord,Klimpt,gklimpt3z@ezinearticles.com,Male
145,Wernher,Macci,wmacci40@sphinn.com,Male
146,Gracia,Aron,garon41@pbs.org,Female
147,Irv,Essel,iessel42@blogspot.com,Male
148,Jorgan,Twelve,jtwelve43@hugedomains.com,Male
149,Florella,Schreurs,fschreurs44@cloudflare.com,Female
150,Ingeberg,Burger,iburger45@noaa.gov,Female
151,Duky,Clohessy,dclohessy46@jugem.jp,Male
152,Kym,Shewan,kshewan47@goo.gl,Female
153,Addie,Flacknoe,aflacknoe48@1688.com,Male
154,Briggs,Osgarby,bosgarby49@time.com,Male
155,Janeva,Mathieu,jmathieu4a@oakley.com,Female
156,Kiley,Kobes,kkobes4b@simplemachines.org,Female
157,Rivalee,Bathoe,rbathoe4c@usda.gov,Female
158,Baudoin,Gogie,bgogie4d@amazon.de,Male
159,Gigi,Dirr,gdirr4e@gizmodo.com,Female
160,Liza,Joslin,ljoslin4f@tripadvisor.com,Female
161,Risa,Cavalier,rcavalier4g@com.com,Female
162,Tobi,De Bernardi,tdebernardi4h@macromedia.com,Female
163,Tobe,Elliot,telliot4i@toplist.cz,Female
164,Sella,Brigstock,sbrigstock4j@reddit.com,Female
165,Anselma,Greenway,agreenway4k@guardian.co.uk,Female
166,Avrit,Vallerine,avallerine4l@lycos.com,Female
167,Maryl,Mashal,mmashal4m@aol.com,Female
168,Kip,Lead,klead4n@bloglines.com,Female
169,Renee,Bullick,rbullick4o@tinypic.com,Female
170,Ellis,Lovel,elovel4p@time.com,Male
171,Kristoforo,Halle,khalle4q@reuters.com,Male
172,Bay,Dell Casa,bdellcasa4r@blogs.com,Male
173,Tate,Diggar,tdiggar4s@digg.com,Female
174,Marlin,Allabush,mallabush4t@discovery.com,Male
175,Norry,Oulett,noulett4u@xinhuanet.com,Male
176,Justen,Solan,jsolan4v@nyu.edu,Male
177,Dareen,Presswell,dpresswell4w@wufoo.com,Female
178,Dougy,Southway,dsouthway4x@paginegialle.it,Male
179,Ly,Pallesen,lpallesen4y@flickr.com,Male
180,Huntley,Guillou,hguillou4z@earthlink.net,Male
181,Fabiano,Pepperrall,fpepperrall50@indiegogo.com,Male
182,Karia,Broom,kbroom51@usgs.gov,Female
183,Giacomo,Lindell,glindell52@loc.gov,Male
184,Maris,Strut,mstrut53@economist.com,Female
185,Tamas,MacKellar,tmackellar54@com.com,Male
186,Corie,Livezley,clivezley55@fc2.com,Female
187,Damara,Evason,devason56@wordpress.org,Female
188,Ignacio,Brewster,ibrewster57@usatoday.com,Male
189,Saraann,Findley,sfindley58@domainmarket.com,Female
190,Meier,Kidd,mkidd59@taobao.com,Male
191,Lisa,Ast,last5a@tmall.com,Female
192,Edwina,Macken,emacken5b@bing.com,Female
193,Leesa,Totman,ltotman5c@t.co,Female
194,Antoine,Graves,agraves5d@issuu.com,Male
195,Hazel,Sorel,hsorel5e@bbb.org,Female
196,Rori,Westoff,rwestoff5f@parallels.com,Female
197,Elton,Lichtfoth,elichtfoth5g@symantec.com,Male
198,Devlin,Partleton,dpartleton5h@cdc.gov,Male
199,Charmane,Gomez,cgomez5i@posterous.com,Female
200,Zaccaria,Glazzard,zglazzard5j@oakley.com,Male
201,Lark,Borborough,lborborough5k@nytimes.com,Female
202,Abbey,Brenard,abrenard5l@ask.com,Female
203,Talbert,Stading,tstading5m@aol.com,Male
204,Friederike,Cassey,fcassey5n@google.de,Female
205,Conney,Sievewright,csievewright5o@alexa.com,Male
206,Randy,Auguste,rauguste5p@ow.ly,Male
207,Allissa,Trathen,atrathen5q@nymag.com,Female
208,Reuben,Panks,rpanks5r@4shared.com,Male
209,Edgar,Witherington,ewitherington5s@umich.edu,Male
210,Laney,Fairfull,lfairfull5t@reference.com,Female
211,Chen,Trenoweth,ctrenoweth5u@taobao.com,Male
212,Alain,Blinde,ablinde5v@shop-pro.jp,Male
213,Irving,Dow,idow5w@tiny.cc,Male
214,Filippo,Giron,fgiron5x@irs.gov,Male
215,Ronnie,Giacoboni,rgiacoboni5y@fema.gov,Male
216,Henrieta,Whiston,hwhiston5z@wired.com,Female
217,Ramonda,Boncoeur,rboncoeur60@sitemeter.com,Female
218,Kimbra,Anderer,kanderer61@hubpages.com,Female
219,Caritta,Morrott,cmorrott62@bbb.org,Female
220,Dewey,Vayne,dvayne63@github.com,Male
221,Marnie,Gentil,mgentil64@cbslocal.com,Female
222,Bethina,Kesby,bkesby65@eventbrite.com,Female
223,Sallyann,Pollett,spollett66@discuz.net,Female
224,Guillemette,Hanvey,ghanvey67@deviantart.com,Female
225,Rosemary,McCree,rmccree68@epa.gov,Female
226,Doti,Thody,dthody69@bloglines.com,Female
227,Lani,Greenwell,lgreenwell6a@simplemachines.org,Female
228,Field,Dumbelton,fdumbelton6b@g.co,Male
229,Ellsworth,Kulvear,ekulvear6c@toplist.cz,Male
230,Morton,Castelin,mcastelin6d@cafepress.com,Male
231,Amos,Fishpoole,afishpoole6e@blog.com,Male
232,Delcina,Piesold,dpiesold6f@creativecommons.org,Female
233,Nataniel,Withams,nwithams6g@ehow.com,Male
234,Lizzie,Phinnessy,lphinnessy6h@toplist.cz,Female
235,Beau,Castaignet,bcastaignet6i@gov.uk,Male
236,Amandie,Fluit,afluit6j@blogspot.com,Female
237,Josepha,Stolze,jstolze6k@hc360.com,Female
238,Jedd,Cann,jcann6l@multiply.com,Male
239,Panchito,St. Pierre,pstpierre6m@devhub.com,Male
240,Son,Waslin,swaslin6n@t-online.de,Male
241,Mischa,Garroway,mgarroway6o@tripadvisor.com,Male
242,Fayina,Tarr,ftarr6p@webs.com,Female
243,Lamont,Gouldthorp,lgouldthorp6q@seattletimes.com,Male
244,Alick,Brierton,abrierton6r@jugem.jp,Male
245,Dewey,Lawlings,dlawlings6s@wordpress.org,Male
246,Koenraad,Farrans,kfarrans6t@census.gov,Male
247,Aron,Canedo,acanedo6u@msn.com,Male
248,Jilly,Topling,jtopling6v@umich.edu,Female
249,Atlanta,Allchorne,aallchorne6w@europa.eu,Female
250,Lea,Kopps,lkopps6x@hhs.gov,Female
251,Helyn,Hynard,hhynard6y@imdb.com,Female
252,Michele,Cannings,mcannings6z@fda.gov,Female
253,Georgianne,Broz,gbroz70@boston.com,Female
254,Bamby,Humfrey,bhumfrey71@qq.com,Female
255,Rubin,Mandrake,rmandrake72@slate.com,Male
256,Ingmar,Gorling,igorling73@behance.net,Male
257,Bliss,Lanahan,blanahan74@bloglines.com,Female
258,Stillmann,Bowdon,sbowdon75@drupal.org,Male
259,Aluin,Newman,anewman76@noaa.gov,Male
260,Michell,Jerrams,mjerrams77@xrea.com,Female
261,Willey,Kingett,wkingett78@earthlink.net,Male
262,Wally,Doswell,wdoswell79@virginia.edu,Female
263,Blayne,Spinelli,bspinelli7a@scribd.com,Male
264,Devinne,Sinott,dsinott7b@theatlantic.com,Female
265,Rosana,Degue,rdegue7c@ezinearticles.com,Female
266,Quinn,Broadstock,qbroadstock7d@mediafire.com,Male
267,Riccardo,Bartzen,rbartzen7e@pcworld.com,Male
268,Vere,Rousby,vrousby7f@rediff.com,Female
269,Braden,Glasspoole,bglasspoole7g@opensource.org,Male
270,Erhard,Karpe,ekarpe7h@google.es,Male
271,Giraldo,Faers,gfaers7i@cnet.com,Male
272,Gavan,MacNess,gmacness7j@ow.ly,Male
273,Darnall,Powe,dpowe7k@merriam-webster.com,Male
274,Herminia,Millership,hmillership7l@tripadvisor.com,Female
275,Cozmo,Eat,ceat7m@theguardian.com,Male
276,Raphaela,Landsbury,rlandsbury7n@google.co.jp,Female
277,Ingra,MacRirie,imacririe7o@xrea.com,Male
278,Aleda,Pietzker,apietzker7p@biblegateway.com,Female
279,Sven,Densey,sdensey7q@goo.gl,Male
280,Kendal,Pate,kpate7r@1688.com,Male
281,Jayme,McNelis,jmcnelis7s@hostgator.com,Female
282,Sonnnie,Makiver,smakiver7t@washington.edu,Female
283,Antoni,Kondratyuk,akondratyuk7u@nih.gov,Male
284,Danni,Avrahamof,davrahamof7v@1und1.de,Female
285,Margy,McCollum,mmccollum7w@wordpress.com,Female
286,Rochelle,Cuerdale,rcuerdale7x@apache.org,Female
287,Adler,Leuty,aleuty7y@fc2.com,Male
288,Huntley,Blackborough,hblackborough7z@dyndns.org,Male
289,Nelia,Yerill,nyerill80@wix.com,Female
290,Cordy,Firebrace,cfirebrace81@joomla.org,Female
291,Mandie,Prue,mprue82@t.co,Female
292,Alexine,Gummary,agummary83@altervista.org,Female
293,Heddi,Marchi,hmarchi84@people.com.cn,Female
294,Ely,Craythorn,ecraythorn85@buzzfeed.com,Male
295,Zuzana,Castagna,zcastagna86@boston.com,Female
296,Orel,Naylor,onaylor87@yandex.ru,Female
297,Gibb,O'Kelly,gokelly88@auda.org.au,Male
298,Locke,Margett,lmargett89@qq.com,Male
299,Cletis,Germaine,cgermaine8a@unesco.org,Male
300,Butch,Gownge,bgownge8b@ca.gov,Male
301,Meagan,Allbut,mallbut8c@google.fr,Female
302,Maegan,Sweedland,msweedland8d@nifty.com,Female
303,Erna,Le Maitre,elemaitre8e@xinhuanet.com,Female
304,Britteny,Poundford,bpoundford8f@time.com,Female
305,Florrie,Tame,ftame8g@nature.com,Female
306,Valaria,Weinmann,vweinmann8h@dailymail.co.uk,Female
307,Susanetta,Pantin,spantin8i@ibm.com,Female
308,Seth,Wivell,swivell8j@dot.gov,Male
309,Jarrid,Ivakhnov,jivakhnov8k@newsvine.com,Male
310,Colman,Sneath,csneath8l@goodreads.com,Male
311,Alysia,Poppleton,apoppleton8m@alibaba.com,Female
312,Boris,Cuddihy,bcuddihy8n@netvibes.com,Male
313,Esma,Knightsbridge,eknightsbridge8o@123-reg.co.uk,Female
314,Chicky,Sawl,csawl8p@exblog.jp,Female
315,Wilona,Seine,wseine8q@wp.com,Female
316,Monika,MacFadyen,mmacfadyen8r@ox.ac.uk,Female
317,Erek,Stannus,estannus8s@webs.com,Male
318,Caesar,Nother,cnother8t@ftc.gov,Male
319,Leopold,Kiloh,lkiloh8u@blogs.com,Male
320,Zeke,Mickleburgh,zmickleburgh8v@example.com,Male
321,Daryle,Whetton,dwhetton8w@booking.com,Male
322,Milty,Labone,mlabone8x@ucla.edu,Male
323,Pattie,Stollmeyer,pstollmeyer8y@tumblr.com,Male
324,Riordan,Abbett,rabbett8z@yale.edu,Male
325,Moll,Scarse,mscarse90@storify.com,Female
326,Pippy,Piggin,ppiggin91@miitbeian.gov.cn,Female
327,Lemar,Everington,leverington92@e-recht24.de,Male
328,Dolorita,Grogona,dgrogona93@godaddy.com,Female
329,Kirbie,Gurley,kgurley94@ow.ly,Female
330,Demetris,Wale,dwale95@discovery.com,Male
331,Larisa,Favel,lfavel96@lulu.com,Female
332,Lesli,Iremonger,liremonger97@goodreads.com,Female
333,Lucilia,Shackelton,lshackelton98@photobucket.com,Female
334,Enrico,Pantry,epantry99@constantcontact.com,Male
335,Monroe,Scammell,mscammell9a@wikia.com,Male
336,Candace,MacCarrane,cmaccarrane9b@typepad.com,Female
337,Jacklin,Aizikovich,jaizikovich9c@salon.com,Female
338,Raeann,Millson,rmillson9d@is.gd,Female
339,Manolo,Drew-Clifton,mdrewclifton9e@issuu.com,Male
340,Porty,Crut,pcrut9f@unicef.org,Male
341,Corena,Rosas,crosas9g@wufoo.com,Female
342,Hoyt,Tregea,htregea9h@cafepress.com,Male
343,Marinna,Meneur,mmeneur9i@behance.net,Female
344,Loralee,Hawksley,lhawksley9j@cdbaby.com,Female
345,Mufinella,Lafee,mlafee9k@dropbox.com,Female
346,Sherlock,McVane,smcvane9l@ed.gov,Male
347,Shelli,Clemes,sclemes9m@behance.net,Female
348,Gardner,Alison,galison9n@admin.ch,Male
349,Stanley,Quipp,squipp9o@ft.com,Male
350,Lyn,Tabourin,ltabourin9p@examiner.com,Female
351,Lek,Swiffan,lswiffan9q@nifty.com,Male
352,Mahmoud,Giacoppoli,mgiacoppoli9r@loc.gov,Male
353,Kym,Choulerton,kchoulerton9s@merriam-webster.com,Female
354,Ronalda,Lightwing,rlightwing9t@time.com,Female
355,Clarance,Josofovitz,cjosofovitz9u@canalblog.com,Male
356,Rosaleen,Jochens,rjochens9v@seesaa.net,Female
357,Ethel,Dudson,edudson9w@gravatar.com,Female
358,Guillaume,Ducker,gducker9x@etsy.com,Male
359,Bathsheba,Prigg,bprigg9y@umn.edu,Female
360,Ericka,Fetherby,efetherby9z@hexun.com,Female
361,Geordie,Sprankling,gspranklinga0@zdnet.com,Male
362,Courtnay,Pybworth,cpybwortha1@alexa.com,Female
363,Dermot,Giral,dgirala2@ucla.edu,Male
364,Alec,Sennett,asennetta3@fda.gov,Male
365,Jack,Ayling,jaylinga4@wikia.com,Male
366,Odele,Codner,ocodnera5@uiuc.edu,Female
367,Raphael,Pover,rpovera6@msn.com,Male
368,Margalit,Broomer,mbroomera7@columbia.edu,Female
369,Ario,Nana,ananaa8@oaic.gov.au,Male
370,Les,Durgan,ldurgana9@nih.gov,Male
371,Cullie,Boomes,cboomesaa@usatoday.com,Male
372,Derril,Szimoni,dszimoniab@ning.com,Male
373,Vergil,Bleasdille,vbleasdilleac@illinois.edu,Male
374,Tonie,Gundry,tgundryad@cbc.ca,Female
375,Osmond,Dawnay,odawnayae@ameblo.jp,Male
376,Gavin,Tiptaft,gtiptaftaf@geocities.jp,Male
377,Minnie,MacFadyen,mmacfadyenag@stumbleupon.com,Female
378,Lucais,Linn,llinnah@blogtalkradio.com,Male
379,Marcos,Witham,mwithamai@ask.com,Male
380,Jodie,Deeprose,jdeeproseaj@rakuten.co.jp,Female
381,Clim,Biaggetti,cbiaggettiak@ask.com,Male
382,Erhard,Sneden,esnedenal@chron.com,Male
383,Abrahan,Prise,apriseam@omniture.com,Male
384,Jodi,Gaskal,jgaskalan@blinklist.com,Female
385,Rozelle,Bamlett,rbamlettao@myspace.com,Female
386,Tasha,Goretti,tgorettiap@blinklist.com,Female
387,Ray,Gaitone,rgaitoneaq@about.com,Male
388,Erny,Bremen,ebremenar@joomla.org,Male
389,Prisca,Bernetti,pbernettias@sun.com,Female
390,Pall,Ralton,praltonat@mayoclinic.com,Male
391,Shae,Cadamy,scadamyau@weebly.com,Male
392,Beverlee,Joseff,bjoseffav@scribd.com,Female
393,Alfie,Olenin,aoleninaw@devhub.com,Male
394,Marcela,Kobierski,mkobierskiax@com.com,Female
395,Yehudit,Tomes,ytomesay@cisco.com,Male
396,Tiertza,Espley,tespleyaz@homestead.com,Female
397,Donovan,Goreisr,dgoreisrb0@furl.net,Male
398,Nehemiah,Casali,ncasalib1@nps.gov,Male
399,Charlie,Garroch,cgarrochb2@nydailynews.com,Male
400,Zackariah,McRannell,zmcrannellb3@gnu.org,Male
401,Henrieta,Wombwell,hwombwellb4@rakuten.co.jp,Female
402,Dud,Dell'Abbate,ddellabbateb5@virginia.edu,Male
403,Doris,Lassey,dlasseyb6@dailymotion.com,Female
404,Aridatha,Paskin,apaskinb7@geocities.jp,Female
405,Linette,Hallard,lhallardb8@furl.net,Female
406,Gilbertina,Heath,gheathb9@slashdot.org,Female
407,Mattie,Debling,mdeblingba@tumblr.com,Female
408,Miles,Sandwith,msandwithbb@jigsy.com,Male
409,Hakim,Garrit,hgarritbc@about.me,Male
410,Doria,Samart,dsamartbd@elegantthemes.com,Female
411,Myer,Legg,mleggbe@scientificamerican.com,Male
412,Rutherford,Simonassi,rsimonassibf@techcrunch.com,Male
413,Asa,Ivey,aiveybg@google.pl,Male
414,Carolin,Wale,cwalebh@census.gov,Female
415,Saundra,Ashleigh,sashleighbi@amazon.com,Male
416,Quintana,Teodorski,qteodorskibj@sourceforge.net,Female
417,Hart,McKinney,hmckinneybk@google.es,Male
418,Berkie,Josefowicz,bjosefowiczbl@icio.us,Male
419,Dorelle,MacGaffey,dmacgaffeybm@ebay.com,Female
420,Grete,Fidgin,gfidginbn@guardian.co.uk,Female
421,Isador,Hanmer,ihanmerbo@senate.gov,Male
422,Gusty,Silvester,gsilvesterbp@jimdo.com,Female
423,Zaccaria,Danslow,zdanslowbq@google.co.uk,Male
424,Neron,Triplet,ntripletbr@amazon.co.uk,Male
425,Nikola,Measures,nmeasuresbs@china.com.cn,Male
426,Russ,O' Clovan,roclovanbt@ucla.edu,Male
427,Gibby,Figger,gfiggerbu@buzzfeed.com,Male
428,Ruthi,Pay,rpaybv@tuttocitta.it,Female
429,Goldi,Shalliker,gshallikerbw@aol.com,Female
430,Junia,Aitken,jaitkenbx@usa.gov,Female
431,Laney,Medlicott,lmedlicottby@accuweather.com,Female
432,Saloma,Saunt,ssauntbz@techcrunch.com,Female
433,Davidson,De Mico,ddemicoc0@woothemes.com,Male
434,Dacy,Sutherley,dsutherleyc1@sourceforge.net,Female
435,Lurleen,Acors,lacorsc2@printfriendly.com,Female
436,Correna,Etridge,cetridgec3@google.com.hk,Female
437,Davita,Kilrow,dkilrowc4@blogspot.com,Female
438,Garfield,Tapenden,gtapendenc5@devhub.com,Male
439,Candide,Bowich,cbowichc6@networkadvertising.org,Female
440,Gwenora,Morena,gmorenac7@fema.gov,Female
441,Nicola,Cavanaugh,ncavanaughc8@zdnet.com,Female
442,Zea,Gubbins,zgubbinsc9@imageshack.us,Female
443,Nanine,Prevett,nprevettca@newyorker.com,Female
444,Pat,Paterson,ppatersoncb@csmonitor.com,Female
445,Olin,Heelis,oheeliscc@japanpost.jp,Male
446,Cyb,Guihen,cguihencd@scribd.com,Female
447,Arley,Pickard,apickardce@cpanel.net,Male
448,Jocelin,Bacchus,jbacchuscf@weebly.com,Female
449,Trstram,Gimblet,tgimbletcg@cbc.ca,Male
450,Kayle,Haresign,kharesignch@51.la,Female
451,Peria,Ghest,pghestci@cbsnews.com,Female
452,Ursula,Peres,uperescj@oaic.gov.au,Female
453,Luther,Gonzalvo,lgonzalvock@list-manage.com,Male
454,Eolande,Halcro,ehalcrocl@xinhuanet.com,Female
455,Asa,Auguste,aaugustecm@buzzfeed.com,Male
456,Marcus,Jaukovic,mjaukoviccn@forbes.com,Male
457,Waverly,O' Brian,wobrianco@github.com,Male
458,Marlyn,Serfati,mserfaticp@cbslocal.com,Female
459,Bevvy,Toleman,btolemancq@github.io,Female
460,Pavlov,Bracchi,pbracchicr@mail.ru,Male
461,Georgette,Lease,gleasecs@cnet.com,Female
462,Fredericka,Thowes,fthowesct@networksolutions.com,Female
463,Joela,Arsnell,jarsnellcu@csmonitor.com,Female
464,Michaelina,Eadmeads,meadmeadscv@msn.com,Female
465,Innis,Milberry,imilberrycw@tumblr.com,Male
466,Talbert,McCotter,tmccottercx@gov.uk,Male
467,Tarrance,Micka,tmickacy@angelfire.com,Male
468,Bartolomeo,Shine,bshinecz@yellowbook.com,Male
469,Judon,Despenser,jdespenserd0@wsj.com,Male
470,Hubert,Labat,hlabatd1@linkedin.com,Male
471,Carlen,Tayspell,ctayspelld2@freewebs.com,Female
472,Bale,Penreth,bpenrethd3@phoca.cz,Male
473,Sigismondo,Bermingham,sberminghamd4@vinaora.com,Male
474,Cly,Grindle,cgrindled5@buzzfeed.com,Male
475,Boone,Amery,bameryd6@opensource.org,Male
476,Barny,Rubanenko,brubanenkod7@indiegogo.com,Male
477,Ingrim,Burrells,iburrellsd8@prnewswire.com,Male
478,Gertrud,Hartless,ghartlessd9@accuweather.com,Female
479,Krishna,Matchell,kmatchellda@reverbnation.com,Male
480,Harcourt,Burth,hburthdb@example.com,Male
481,Vern,Iorio,vioriodc@deliciousdays.com,Male
482,Ban,McCane,bmccanedd@nationalgeographic.com,Male
483,Town,Hullbrook,thullbrookde@ted.com,Male
484,Frederich,Tue,ftuedf@rakuten.co.jp,Male
485,Hans,Ridesdale,hridesdaledg@wiley.com,Male
486,Emmanuel,Garvagh,egarvaghdh@jugem.jp,Male
487,Virginia,Klazenga,vklazengadi@miibeian.gov.cn,Female
488,Doralia,McQuie,dmcquiedj@skyrock.com,Female
489,Fenelia,Howat,fhowatdk@soundcloud.com,Female
490,Myrvyn,Vink,mvinkdl@nationalgeographic.com,Male
491,Sashenka,Juhruke,sjuhrukedm@fastcompany.com,Female
492,Nichols,Patley,npatleydn@tripadvisor.com,Male
493,Bruce,Searight,bsearightdo@t.co,Male
494,Delora,Studdard,dstuddarddp@yellowbook.com,Female
495,Mervin,Skirvane,mskirvanedq@xing.com,Male
496,Ignatius,Scranny,iscrannydr@cafepress.com,Male
497,Bourke,Tottie,btottieds@t-online.de,Male
498,Constantino,Coon,ccoondt@stanford.edu,Male
499,Drew,Mansbridge,dmansbridgedu@e-recht24.de,Male
500,Galvin,Yanshinov,gyanshinovdv@vistaprint.com,Male
501,Adamo,Neve,anevedw@cpanel.net,Male
502,Arabella,Happert,ahappertdx@walmart.com,Female
503,Giustina,Willison,gwillisondy@barnesandnoble.com,Female
504,Dyanna,Tregidga,dtregidgadz@npr.org,Female
505,Idette,Le Port,ileporte0@google.ru,Female
506,Glynis,Boylin,gboyline1@netlog.com,Female
507,Griselda,Marusik,gmarusike2@craigslist.org,Female
508,Yorke,Mugleston,ymuglestone3@china.com.cn,Male
509,Catherine,Kuna,ckunae4@soundcloud.com,Female
510,Luigi,Clemmett,lclemmette5@wiley.com,Male
511,Aimil,Guarin,aguarine6@google.fr,Female
512,Boothe,Mariault,bmariaulte7@phoca.cz,Male
513,Margo,MacSorley,mmacsorleye8@trellian.com,Female
514,Yevette,Stemp,ystempe9@google.it,Female
515,Tomi,Curtoys,tcurtoysea@naver.com,Female
516,Tallou,Rulten,trulteneb@pbs.org,Female
517,Catherine,Escot,cescotec@skyrock.com,Female
518,Duke,Guthrum,dguthrumed@msn.com,Male
519,Asia,O'Sheeryne,aosheeryneee@cbsnews.com,Female
520,Lorilee,Webberley,lwebberleyef@devhub.com,Female
521,Blair,Greenaway,bgreenawayeg@yellowpages.com,Female
522,Pavlov,Monnoyer,pmonnoyereh@apache.org,Male
523,Adolphus,"Masser,",amasserei@github.io,Male
524,Rainer,Oherlihy,roherlihyej@va.gov,Male
525,Aylmar,Canfield,acanfieldek@oakley.com,Male
526,Lynsey,Thurman,lthurmanel@berkeley.edu,Female
527,Elianore,Effnert,eeffnertem@hubpages.com,Female
528,Gualterio,Perotti,gperottien@buzzfeed.com,Male
529,Danya,Skingle,dskingleeo@noaa.gov,Male
530,Moses,Jellett,mjellettep@dion.ne.jp,Male
531,Hedy,Janning,hjanningeq@globo.com,Female
532,Abigael,Cuvley,acuvleyer@barnesandnoble.com,Female
533,Guntar,Chaise,gchaisees@dailymail.co.uk,Male
534,Zenia,Chace,zchaceet@smugmug.com,Female
535,Seumas,Fitzsymon,sfitzsymoneu@microsoft.com,Male
536,Junie,Learoyde,jlearoydeev@dedecms.com,Female
537,Evangeline,Haylor,ehaylorew@wiley.com,Female
538,Cordell,Ivashin,civashinex@patch.com,Male
539,Stacee,Rentilll,srentillley@blogspot.com,Male
540,Oralie,O' Driscoll,oodriscollez@parallels.com,Female
541,Curt,Ivanenkov,civanenkovf0@booking.com,Male
542,Grace,Forseith,gforseithf1@creativecommons.org,Male
543,Branden,De Hailes,bdehailesf2@diigo.com,Male
544,Lorant,Riseborough,lriseboroughf3@squidoo.com,Male
545,Joella,Bartoli,jbartolif4@yahoo.co.jp,Female
546,Alyosha,Bindley,abindleyf5@prnewswire.com,Male
547,Diarmid,Hellings,dhellingsf6@intel.com,Male
548,Filippa,Dugan,fduganf7@usnews.com,Female
549,Sheridan,Goldsbury,sgoldsburyf8@diigo.com,Male
550,Gaelan,Dunne,gdunnef9@usnews.com,Male
551,Christy,Kitley,ckitleyfa@issuu.com,Female
552,Joshua,Cianni,jciannifb@census.gov,Male
553,Robena,Manjot,rmanjotfc@unc.edu,Female
554,Kary,Castiblanco,kcastiblancofd@deliciousdays.com,Female
555,Boigie,Sprott,bsprottfe@utexas.edu,Male
556,Jed,Doulden,jdouldenff@salon.com,Male
557,Homerus,Lanceley,hlanceleyfg@slideshare.net,Male
558,Klemens,Larwood,klarwoodfh@simplemachines.org,Male
559,Fanni,Kedie,fkediefi@altervista.org,Female
560,Lorin,Goodlett,lgoodlettfj@unesco.org,Male
561,Frazer,Honsch,fhonschfk@xinhuanet.com,Male
562,Aileen,Rattenbury,arattenburyfl@sogou.com,Female
563,Torr,Skacel,tskacelfm@cpanel.net,Male
564,Lita,Croser,lcroserfn@domainmarket.com,Female
565,Maxi,Pitceathly,mpitceathlyfo@indiegogo.com,Female
566,Jenda,Eginton,jegintonfp@mit.edu,Female
567,Homere,Caveney,hcaveneyfq@phpbb.com,Male
568,Baryram,Sperrett,bsperrettfr@mit.edu,Male
569,Claybourne,Coatts,ccoattsfs@hexun.com,Male
570,Lyle,Deverell,ldeverellft@dagondesign.com,Male
571,Filippo,Maudett,fmaudettfu@webnode.com,Male
572,Hanni,Le Provest,hleprovestfv@comsenz.com,Female
573,Durante,Moncarr,dmoncarrfw@blogtalkradio.com,Male
574,Victoria,Dyche,vdychefx@networkadvertising.org,Female
575,Zilvia,Court,zcourtfy@digg.com,Female
576,Minni,Pursglove,mpursglovefz@yahoo.co.jp,Female
577,Hadley,Tancock,htancockg0@mozilla.com,Male
578,Dean,Beastall,dbeastallg1@barnesandnoble.com,Male
579,Sascha,Strutt,sstruttg2@bluehost.com,Male
580,Tome,McBeth,tmcbethg3@bbc.co.uk,Male
581,Tannie,Blindmann,tblindmanng4@eepurl.com,Male
582,Suzi,Wise,swiseg5@cpanel.net,Female
583,Mitchell,Ikins,mikinsg6@gizmodo.com,Male
584,Hercules,Kellar,hkellarg7@telegraph.co.uk,Male
585,Hymie,Tipple,htippleg8@storify.com,Male
586,Winnifred,Fontel,wfontelg9@opera.com,Female
587,Renae,Blankhorn,rblankhornga@geocities.com,Female
588,Averil,O'Hanley,aohanleygb@merriam-webster.com,Female
589,Jesus,Mitford,jmitfordgc@auda.org.au,Male
590,Kean,Waller-Bridge,kwallerbridgegd@sitemeter.com,Male
591,Kylie,Roizn,kroiznge@sitemeter.com,Female
592,Lynda,Chiplen,lchiplengf@noaa.gov,Female
593,Jobi,Iddiens,jiddiensgg@google.es,Female
594,Ally,Brownlow,abrownlowgh@nymag.com,Female
595,Augustus,Sperry,asperrygi@wix.com,Male
596,Alta,Quernel,aquernelgj@walmart.com,Female
597,Karel,Jamot,kjamotgk@biglobe.ne.jp,Male
598,Marillin,Swinbourne,mswinbournegl@webmd.com,Female
599,Jacquelyn,Di Boldi,jdiboldigm@walmart.com,Female
600,Elaina,Conklin,econklingn@skyrock.com,Female
601,Elene,Fuentes,efuentesgo@ox.ac.uk,Female
602,Neddy,Howsin,nhowsingp@simplemachines.org,Male
603,Devlen,Davey,ddaveygq@ask.com,Male
604,Neila,Joice,njoicegr@chicagotribune.com,Female
605,Aluino,Gather,agathergs@t-online.de,Male
606,Rogerio,Keniwell,rkeniwellgt@ovh.net,Male
607,Maressa,Tennison,mtennisongu@odnoklassniki.ru,Female
608,Caryl,Gegay,cgegaygv@usgs.gov,Female
609,Hamnet,Wykes,hwykesgw@acquirethisname.com,Male
610,Jeddy,Milne,jmilnegx@nba.com,Male
611,Suki,Le Provost,sleprovostgy@ihg.com,Female
612,Dana,Shackle,dshacklegz@artisteer.com,Female
613,Clint,Cordeiro,ccordeiroh0@storify.com,Male
614,Keven,Houndesome,khoundesomeh1@tmall.com,Male
615,Mahmud,Boone,mbooneh2@unc.edu,Male
616,Timotheus,Sture,tstureh3@surveymonkey.com,Male
617,Lorain,Flintoff,lflintoffh4@loc.gov,Female
618,Gertrud,Frentz,gfrentzh5@mediafire.com,Female
619,Massimiliano,MacGregor,mmacgregorh6@psu.edu,Male
620,Dotti,Carlile,dcarlileh7@linkedin.com,Female
621,Caril,Jeary,cjearyh8@xinhuanet.com,Female
622,Maritsa,Robertazzi,mrobertazzih9@census.gov,Female
623,Odette,Mazillius,omazilliusha@wikispaces.com,Female
624,Crystal,Draaisma,cdraaismahb@joomla.org,Female
625,Lillian,Bygate,lbygatehc@posterous.com,Female
626,Salomone,Kimblen,skimblenhd@imdb.com,Male
627,Shirlee,Tilmouth,stilmouthhe@japanpost.jp,Female
628,Farlie,Harral,fharralhf@taobao.com,Male
629,Nero,Nare,nnarehg@vimeo.com,Male
630,Storm,Gumly,sgumlyhh@over-blog.com,Female
631,Karlens,Cantillon,kcantillonhi@addtoany.com,Male
632,Doris,Holbie,dholbiehj@scribd.com,Female
633,Aldus,Drewry,adrewryhk@omniture.com,Male
634,Otto,Bavester,obavesterhl@flickr.com,Male
635,Charmian,Pentycost,cpentycosthm@dell.com,Female
636,Pall,Meritt,pmeritthn@xinhuanet.com,Male
637,Asia,Burleton,aburletonho@theguardian.com,Female
638,Terence,Roja,trojahp@comcast.net,Male
639,Magdalen,Bennion,mbennionhq@msu.edu,Female
640,Natka,Pitson,npitsonhr@shutterfly.com,Female
641,Cammy,Loutheane,cloutheanehs@jugem.jp,Male
642,Adore,Rooms,aroomsht@instagram.com,Female
643,Ramsey,Stuer,rstuerhu@tmall.com,Male
644,Terza,Borel,tborelhv@house.gov,Female
645,Tiena,Deplacido,tdeplacidohw@devhub.com,Female
646,Oliver,Ebbs,oebbshx@columbia.edu,Male
647,Zulema,Leisk,zleiskhy@technorati.com,Female
648,Tarra,Knightsbridge,tknightsbridgehz@free.fr,Female
649,Benoite,Withrop,bwithropi0@ow.ly,Female
650,Mateo,Rizziello,mrizzielloi1@uiuc.edu,Male
651,Elwira,Edgar,eedgari2@paginegialle.it,Female
652,Cammy,Begent,cbegenti3@aboutads.info,Female
653,Kimberley,Grafom,kgrafomi4@yellowpages.com,Female
654,Grange,Dandie,gdandiei5@independent.co.uk,Male
655,Leela,Batecok,lbatecoki6@weibo.com,Female
656,Ingrid,Arnholdt,iarnholdti7@prweb.com,Female
657,Evelyn,Mulran,emulrani8@facebook.com,Female
658,Kingsly,Henric,khenrici9@cbc.ca,Male
659,Boniface,Tincey,btinceyia@unesco.org,Male
660,Rosita,Whitticks,rwhitticksib@ifeng.com,Female
661,Laurens,Flanagan,lflanaganic@live.com,Male
662,Rodney,Lapish,rlapishid@sohu.com,Male
663,Cortie,Castille,ccastilleie@diigo.com,Male
664,Rockie,Alejo,ralejoif@gravatar.com,Male
665,Rossie,O'Caine,rocaineig@storify.com,Male
666,Heath,Greatrakes,hgreatrakesih@usda.gov,Female
667,Kristian,Jervis,kjervisii@discovery.com,Male
668,Georgy,Tidey,gtideyij@geocities.com,Male
669,Zitella,Rounce,zrounceik@1688.com,Female
670,Riva,Josephsen,rjosephsenil@multiply.com,Female
671,Myrle,Bogays,mbogaysim@goodreads.com,Female
672,Kerrie,Hartegan,kharteganin@wikipedia.org,Female
673,Leonora,Capelen,lcapelenio@buzzfeed.com,Female
674,Beauregard,Budge,bbudgeip@shinystat.com,Male
675,Gasparo,Goodere,ggoodereiq@smugmug.com,Male
676,Emerson,Heater,eheaterir@hp.com,Male
677,Elyse,Presnall,epresnallis@cmu.edu,Female
678,Bary,Foot,bfootit@utexas.edu,Male
679,Margalit,Culver,mculveriu@aboutads.info,Female
680,Erick,Huckel,ehuckeliv@samsung.com,Male
681,Luciano,Milkins,lmilkinsiw@youku.com,Male
682,Mordecai,Manicom,mmanicomix@homestead.com,Male
683,Cord,Caffery,ccafferyiy@fc2.com,Male
684,Val,Lassen,vlasseniz@wikimedia.org,Male
685,Clementine,Aires,cairesj0@kickstarter.com,Female
686,Roy,Lacroux,rlacrouxj1@hatena.ne.jp,Male
687,Deloris,Kesey,dkeseyj2@chronoengine.com,Female
688,Katinka,Crossfield,kcrossfieldj3@cbc.ca,Female
689,Dare,Firebrace,dfirebracej4@about.com,Male
690,Lemuel,Gowling,lgowlingj5@who.int,Male
691,Lethia,McArley,lmcarleyj6@statcounter.com,Female
692,Carley,Onions,conionsj7@hugedomains.com,Female
693,Micheal,Howroyd,mhowroydj8@jugem.jp,Male
694,Agustin,Honywill,ahonywillj9@globo.com,Male
695,Aland,Jarratt,ajarrattja@linkedin.com,Male
696,Lilyan,Tale,ltalejb@harvard.edu,Female
697,Emmeline,Chesman,echesmanjc@stumbleupon.com,Female
698,Casar,Cartan,ccartanjd@va.gov,Male
699,Hasty,Worsfold,hworsfoldje@buzzfeed.com,Male
700,Raleigh,Fraschetti,rfraschettijf@list-manage.com,Male
701,Waite,Paz,wpazjg@reference.com,Male
702,Ralph,Cromb,rcrombjh@omniture.com,Male
703,Nyssa,Vanyushin,nvanyushinji@360.cn,Female
704,Ellene,Widdowes,ewiddowesjj@cornell.edu,Female
705,Lucina,Coping,lcopingjk@pinterest.com,Female
706,Lilias,Verriour,lverriourjl@amazon.co.jp,Female
707,Alleen,Gavaran,agavaranjm@kickstarter.com,Female
708,Jeremie,Murdy,jmurdyjn@mozilla.org,Male
709,Sib,Kidman,skidmanjo@skype.com,Female
710,Trenton,Sowman,tsowmanjp@admin.ch,Male
711,Eleni,Gregine,egreginejq@github.io,Female
712,Odey,McHale,omchalejr@ehow.com,Male
713,Lorrie,Shore,lshorejs@cdbaby.com,Male
714,Ola,Gyrgorcewicx,ogyrgorcewicxjt@163.com,Female
715,Else,Bounde,eboundeju@cornell.edu,Female
716,Penni,Roust,proustjv@mapy.cz,Female
717,Angelo,Gilfoy,agilfoyjw@mapy.cz,Male
718,Paddy,Artinstall,partinstalljx@usnews.com,Male
719,Koren,Chaytor,kchaytorjy@rambler.ru,Female
720,Emmalee,Kingscott,ekingscottjz@yellowbook.com,Female
721,Gerrie,Coulthard,gcoulthardk0@uol.com.br,Male
722,Gasparo,Kynd,gkyndk1@typepad.com,Male
723,Frankie,Nipper,fnipperk2@harvard.edu,Male
724,Ches,Barton,cbartonk3@huffingtonpost.com,Male
725,Henryetta,Ibbitson,hibbitsonk4@dmoz.org,Female
726,Delbert,MacEllen,dmacellenk5@istockphoto.com,Male
727,Shell,Parkin,sparkink6@slashdot.org,Female
728,Genevieve,Parkinson,gparkinsonk7@apple.com,Female
729,Concettina,Hocking,chockingk8@so-net.ne.jp,Female
730,Gibb,Patise,gpatisek9@ycombinator.com,Male
731,Xever,Hallgarth,xhallgarthka@google.ru,Male
732,Glenn,Pleace,gpleacekb@bing.com,Male
733,Abe,Gilkison,agilkisonkc@goo.ne.jp,Male
734,Donelle,Cleaveland,dcleavelandkd@dot.gov,Female
735,Damita,Attard,dattardke@whitehouse.gov,Female
736,Bernete,Schellig,bschelligkf@cnn.com,Female
737,Gilberto,Tissiman,gtissimankg@tamu.edu,Male
738,Penn,MacGilrewy,pmacgilrewykh@loc.gov,Male
739,Ruy,Bayless,rbaylesski@sina.com.cn,Male
740,King,Linkin,klinkinkj@census.gov,Male
741,Boote,Easman,beasmankk@freewebs.com,Male
742,Ginevra,Mugleston,gmuglestonkl@wordpress.org,Female
743,Elisabeth,Whawell,ewhawellkm@shutterfly.com,Female
744,Flore,Matuszyk,fmatuszykkn@vimeo.com,Female
745,Allistir,Lamplugh,alamplughko@dion.ne.jp,Male
746,Lynne,Beckensall,lbeckensallkp@yellowbook.com,Female
747,Roshelle,Scurrey,rscurreykq@godaddy.com,Female
748,Heidie,Ladyman,hladymankr@hatena.ne.jp,Female
749,Elsey,Pride,eprideks@psu.edu,Female
750,Aharon,Farrier,afarrierkt@clickbank.net,Male
751,Brandon,Betje,bbetjeku@biglobe.ne.jp,Male
752,Benyamin,Risbridge,brisbridgekv@printfriendly.com,Male
753,Linc,Gommery,lgommerykw@sourceforge.net,Male
754,Chloe,Broxton,cbroxtonkx@typepad.com,Female
755,Gothart,Simak,gsimakky@mediafire.com,Male
756,Vitia,Gooden,vgoodenkz@altervista.org,Female
757,Hillery,Pegden,hpegdenl0@free.fr,Male
758,Urbanus,Menhenitt,umenhenittl1@posterous.com,Male
759,Dore,Grzegorczyk,dgrzegorczykl2@slideshare.net,Female
760,Parry,Poynter,ppoynterl3@netlog.com,Male
761,Tades,Sincock,tsincockl4@spotify.com,Male
762,Baxy,Mosedill,bmosedilll5@illinois.edu,Male
763,Dreddy,Emm,demml6@delicious.com,Female
764,Rodolph,Norville,rnorvillel7@symantec.com,Male
765,Gretta,Kirkam,gkirkaml8@foxnews.com,Female
766,Cosme,Mulgrew,cmulgrewl9@comsenz.com,Male
767,Corey,Pickless,cpicklessla@tripadvisor.com,Male
768,Elladine,Shanklin,eshanklinlb@shinystat.com,Female
769,Nariko,Idwal Evans,nidwalevanslc@meetup.com,Female
770,Renell,Gye,rgyeld@rediff.com,Female
771,Perceval,Tenaunt,ptenauntle@webeden.co.uk,Male
772,Jean,Antognoni,jantognonilf@oracle.com,Female
773,Clovis,Copsey,ccopseylg@yahoo.com,Female
774,Anselma,Pattini,apattinilh@msu.edu,Female
775,Omero,Fedder,ofedderli@google.es,Male
776,Donelle,Kobke,dkobkelj@liveinternet.ru,Female
777,Verla,Petrenko,vpetrenkolk@facebook.com,Female
778,Monty,Wudeland,mwudelandll@ask.com,Male
779,Ches,Teale,ctealelm@telegraph.co.uk,Male
780,Velvet,Cutriss,vcutrissln@dagondesign.com,Female
781,Tansy,Bubbings,tbubbingslo@photobucket.com,Female
782,Sayers,Yeaman,syeamanlp@vistaprint.com,Male
783,Tamarra,Pardy,tpardylq@shareasale.com,Female
784,Sharron,Lowdwell,slowdwelllr@photobucket.com,Female
785,Cammie,Mangin,cmanginls@census.gov,Female
786,Si,Waistall,swaistalllt@unc.edu,Male
787,Ines,Fyfe,ifyfelu@msu.edu,Female
788,Miguelita,Eddowes,meddoweslv@fc2.com,Female
789,Kordula,Picheford,kpichefordlw@opera.com,Female
790,Dunn,Joberne,djobernelx@fastcompany.com,Male
791,Caty,Karran,ckarranly@sfgate.com,Female
792,Morgen,Craven,mcravenlz@tmall.com,Male
793,Rusty,Deignan,rdeignanm0@icio.us,Male
794,Alison,Mandal,amandalm1@archive.org,Female
795,Roi,Ephgrave,rephgravem2@istockphoto.com,Male
796,Beauregard,Petrusch,bpetruschm3@bbc.co.uk,Male
797,Chickie,Coster,ccosterm4@e-recht24.de,Male
798,La verne,Hollington,lhollingtonm5@parallels.com,Female
799,Lewes,Gutans,lgutansm6@photobucket.com,Male
800,Odele,Easseby,oeassebym7@scientificamerican.com,Female
801,Micaela,Rickard,mrickardm8@stanford.edu,Female
802,Maribeth,Siddeley,msiddeleym9@simplemachines.org,Female
803,Krystal,Beelby,kbeelbyma@sakura.ne.jp,Female
804,Abbie,Purshouse,apurshousemb@gizmodo.com,Male
805,Avie,Kilrow,akilrowmc@senate.gov,Female
806,Sheryl,Feasey,sfeaseymd@gmpg.org,Female
807,Siegfried,Glasspool,sglasspoolme@blogs.com,Male
808,Dionysus,Fanner,dfannermf@huffingtonpost.com,Male
809,Heloise,Roubottom,hroubottommg@facebook.com,Female
810,Betti,Attaway,battawaymh@google.co.jp,Female
811,Claudie,Le Borgne,cleborgnemi@ning.com,Female
812,Evelin,Prandi,eprandimj@nps.gov,Male
813,Alejandra,Schwandermann,aschwandermannmk@desdev.cn,Female
814,Ernestine,Teideman,eteidemanml@networksolutions.com,Female
815,Caresse,Hayles,chaylesmm@hp.com,Female
816,Sax,Semerad,ssemeradmn@springer.com,Male
817,Philbert,Sacaze,psacazemo@google.nl,Male
818,Cammi,Wilcinskis,cwilcinskismp@symantec.com,Female
819,Loise,Tongue,ltonguemq@slashdot.org,Female
820,Prinz,Swinburn,pswinburnmr@wikispaces.com,Male
821,Eamon,Edgeson,eedgesonms@vk.com,Male
822,Mateo,Hallaways,mhallawaysmt@mysql.com,Male
823,Donielle,Pierrepont,dpierrepontmu@blinklist.com,Female
824,Clyve,Trencher,ctrenchermv@themeforest.net,Male
825,Vance,Gibbon,vgibbonmw@i2i.jp,Male
826,Sisely,Fortoun,sfortounmx@sfgate.com,Female
827,Ashli,Bleazard,ableazardmy@opera.com,Female
828,Salvidor,Sommerfeld,ssommerfeldmz@forbes.com,Male
829,Patsy,Yurkevich,pyurkevichn0@tumblr.com,Female
830,Reece,Middlemist,rmiddlemistn1@google.pl,Male
831,Luis,Wanderschek,lwanderschekn2@amazon.co.uk,Male
832,Michel,Gier,mgiern3@irs.gov,Female
833,Daloris,MacDougall,dmacdougalln4@bluehost.com,Female
834,Yvon,Labet,ylabetn5@dropbox.com,Male
835,Hiram,Archbald,harchbaldn6@wufoo.com,Male
836,Finn,Joire,fjoiren7@aboutads.info,Male
837,Wallie,Glenny,wglennyn8@aboutads.info,Female
838,Aimee,Sikora,asikoran9@booking.com,Female
839,Antony,Chamney,achamneyna@cocolog-nifty.com,Male
840,Matthew,Leavens,mleavensnb@sina.com.cn,Male
841,Gale,Delieu,gdelieunc@google.cn,Female
842,Lynsey,Ivan,livannd@hp.com,Female
843,Margarete,Chipp,mchippne@toplist.cz,Female
844,Gipsy,Ruse,grusenf@chron.com,Female
845,Zebadiah,Von Gladbach,zvongladbachng@guardian.co.uk,Male
846,Ugo,Cokayne,ucokaynenh@xinhuanet.com,Male
847,Ricca,Ricold,rricoldni@nasa.gov,Female
848,Nora,Yepiskopov,nyepiskopovnj@usnews.com,Female
849,Brennan,Gallahue,bgallahuenk@sohu.com,Male
850,Devin,Goter,dgoternl@com.com,Male
851,Antonino,Garahan,agarahannm@themeforest.net,Male
852,Reeta,Whanstall,rwhanstallnn@usnews.com,Female
853,Dall,Van der Daal,dvanderdaalno@prnewswire.com,Male
854,Fancy,Calderbank,fcalderbanknp@gravatar.com,Female
855,Wittie,Burgis,wburgisnq@digg.com,Male
856,Helge,Comberbach,hcomberbachnr@dion.ne.jp,Female
857,Talia,Imesson,timessonns@disqus.com,Female
858,Geri,MacGinley,gmacginleynt@tamu.edu,Male
859,Laurianne,Bartosch,lbartoschnu@nationalgeographic.com,Female
860,Binni,De Pietri,bdepietrinv@blog.com,Female
861,Ellyn,Brunelli,ebrunellinw@cnet.com,Female
862,Juieta,Gaze,jgazenx@techcrunch.com,Female
863,Cassaundra,Spurgin,cspurginny@printfriendly.com,Female
864,Alford,Masser,amassernz@blogger.com,Male
865,Pavel,Wadeling,pwadelingo0@ovh.net,Male
866,Stern,Bartos,sbartoso1@fastcompany.com,Male
867,Hugh,Jewer,hjewero2@cdc.gov,Male
868,Thurstan,McClintock,tmcclintocko3@cyberchimps.com,Male
869,Pamella,Grannell,pgrannello4@symantec.com,Female
870,Sanderson,Bredgeland,sbredgelando5@google.com.br,Male
871,Cecile,Dignall,cdignallo6@statcounter.com,Female
872,Pietrek,DeSousa,pdesousao7@w3.org,Male
873,Rosemonde,Robbert,rrobberto8@is.gd,Female
874,Gavrielle,Chate,gchateo9@mlb.com,Female
875,Darryl,Lanyon,dlanyonoa@behance.net,Male
876,Cyndie,Ayto,caytoob@wisc.edu,Female
877,Nicolais,Batman,nbatmanoc@mozilla.org,Male
878,Rees,Strick,rstrickod@marriott.com,Male
879,Garry,Lippiatt,glippiattoe@geocities.jp,Male
880,Cristine,Jackett,cjackettof@blogtalkradio.com,Female
881,Raina,Bernardinelli,rbernardinelliog@dell.com,Female
882,Fara,Norvill,fnorvilloh@prlog.org,Female
883,Adora,Brunicke,abrunickeoi@huffingtonpost.com,Female
884,Talbot,Grissett,tgrissettoj@unesco.org,Male
885,Cullie,Raubenheim,craubenheimok@1688.com,Male
886,Florri,Dyde,fdydeol@reference.com,Female
887,Duff,Yushachkov,dyushachkovom@hostgator.com,Male
888,Marcel,Muddiman,mmuddimanon@tmall.com,Male
889,Roderic,Braven,rbravenoo@4shared.com,Male
890,Megen,Bakey,mbakeyop@redcross.org,Female
891,Koo,Treamayne,ktreamayneoq@europa.eu,Female
892,Barnard,Addyman,baddymanor@dailymail.co.uk,Male
893,Shepard,Rotchell,srotchellos@foxnews.com,Male
894,Obie,Slarke,oslarkeot@friendfeed.com,Male
895,Aguistin,Simonutti,asimonuttiou@ucoz.ru,Male
896,Samaria,Fay,sfayov@technorati.com,Female
897,Adriano,Dolligon,adolligonow@boston.com,Male
898,Madalyn,Legion,mlegionox@xrea.com,Female
899,Nelle,Fardy,nfardyoy@stumbleupon.com,Female
900,Philipa,Hilland,phillandoz@1688.com,Female
901,Tasha,Kaufman,tkaufmanp0@nytimes.com,Female
902,Drucill,Flacknoe,dflacknoep1@ustream.tv,Female
903,Norri,Sibbson,nsibbsonp2@craigslist.org,Female
904,Elsi,Permain,epermainp3@tinypic.com,Female
905,Brynne,Ghelarducci,bghelarduccip4@blogspot.com,Female
906,Brant,Woodward,bwoodwardp5@comsenz.com,Male
907,Barde,Naisbit,bnaisbitp6@youtube.com,Male
908,Farica,Cornbell,fcornbellp7@soundcloud.com,Female
909,Arturo,Fehners,afehnersp8@domainmarket.com,Male
910,Perla,Janiak,pjaniakp9@toplist.cz,Female
911,Isiahi,Tangye,itangyepa@boston.com,Male
912,Brandise,Cookson,bcooksonpb@about.me,Female
913,Vaughn,Alben,valbenpc@surveymonkey.com,Male
914,Charlie,Mouth,cmouthpd@ning.com,Male
915,Edsel,Schmidt,eschmidtpe@google.com,Male
916,Neel,Tal,ntalpf@blogtalkradio.com,Male
917,Bradney,Yockney,byockneypg@sina.com.cn,Male
918,Celestina,Deport,cdeportph@constantcontact.com,Female
919,Kylie,Brocklesby,kbrocklesbypi@jugem.jp,Male
920,Reeva,Jiles,rjilespj@delicious.com,Female
921,Valentine,Kaiser,vkaiserpk@acquirethisname.com,Male
922,Elfreda,Probey,eprobeypl@mapquest.com,Female
923,Gillie,Palluschek,gpalluschekpm@360.cn,Female
924,Darnell,Slaten,dslatenpn@upenn.edu,Male
925,Elonore,Everwin,eeverwinpo@cmu.edu,Female
926,Courtney,Franschini,cfranschinipp@xrea.com,Male
927,Dyan,Leroy,dleroypq@moonfruit.com,Female
928,Fleur,Howett,fhowettpr@disqus.com,Female
929,Carny,Hidderley,chidderleyps@last.fm,Male
930,Giorgio,Provis,gprovispt@studiopress.com,Male
931,Kathie,Guidera,kguiderapu@vimeo.com,Female
932,Betti,Filippello,bfilippellopv@gov.uk,Female
933,Carolynn,Sayles,csaylespw@bing.com,Female
934,Boycey,Coffey,bcoffeypx@acquirethisname.com,Male
935,Emogene,Dankov,edankovpy@qq.com,Female
936,Koral,Chanson,kchansonpz@creativecommons.org,Female
937,Wenonah,Gilloran,wgilloranq0@ask.com,Female
938,Onfroi,Belfit,obelfitq1@printfriendly.com,Male
939,Anabella,Kernley,akernleyq2@pbs.org,Female
940,Leticia,Vanderplas,lvanderplasq3@hugedomains.com,Female
941,Hollyanne,Willans,hwillansq4@pinterest.com,Female
942,Alina,Cheatle,acheatleq5@washington.edu,Female
943,Sergio,Giacopello,sgiacopelloq6@studiopress.com,Male
944,Ashlin,Stannard,astannardq7@macromedia.com,Male
945,Leodora,Petyankin,lpetyankinq8@squarespace.com,Female
946,Tonie,Barsby,tbarsbyq9@over-blog.com,Female
947,Paquito,Hairsine,phairsineqa@instagram.com,Male
948,Wit,Sabathier,wsabathierqb@edublogs.org,Male
949,Jard,Acland,jaclandqc@mysql.com,Male
950,Rori,Grigoriscu,rgrigoriscuqd@edublogs.org,Female
951,Roderick,Mickleburgh,rmickleburghqe@oracle.com,Male
952,Jamie,Henden,jhendenqf@usatoday.com,Female
953,Ikey,Levy,ilevyqg@cbsnews.com,Male
954,Arlee,Pencost,apencostqh@vk.com,Female
955,Margalo,Moxson,mmoxsonqi@yahoo.com,Female
956,Stormy,Franzonello,sfranzonelloqj@google.com.au,Female
957,Aliza,Kiezler,akiezlerqk@163.com,Female
958,Haily,O'Doran,hodoranql@businesswire.com,Male
959,Tommie,Briddle,tbriddleqm@army.mil,Female
960,Chloe,Ivannikov,civannikovqn@google.pl,Female
961,Blanca,Jepson,bjepsonqo@pcworld.com,Female
962,Aila,Hampson,ahampsonqp@ox.ac.uk,Female
963,Brandyn,Dannatt,bdannattqq@about.com,Male
964,Lorena,Walworth,lwalworthqr@sun.com,Female
965,Sandy,Tungate,stungateqs@cmu.edu,Female
966,Sidnee,Barthelme,sbarthelmeqt@loc.gov,Male
967,Theresa,Guyver,tguyverqu@uol.com.br,Female
968,Sybille,Hadgraft,shadgraftqv@hc360.com,Female
969,Ewan,Greenset,egreensetqw@plala.or.jp,Male
970,Annemarie,Bulger,abulgerqx@netvibes.com,Female
971,Pete,Driscoll,pdriscollqy@nature.com,Male
972,Brier,Gayler,bgaylerqz@bbb.org,Female
973,Sauveur,Frarey,sfrareyr0@army.mil,Male
974,Frannie,Zamora,fzamorar1@berkeley.edu,Female
975,Phillie,Attwater,pattwaterr2@shop-pro.jp,Female
976,Donnie,Brownbill,dbrownbillr3@scribd.com,Male
977,Perice,Cornejo,pcornejor4@creativecommons.org,Male
978,Jarrod,Honsch,jhonschr5@yellowpages.com,Male
979,Nobie,Archambault,narchambaultr6@pen.io,Male
980,Chris,Emlen,cemlenr7@vkontakte.ru,Male
981,Hilliary,Pawlicki,hpawlickir8@mac.com,Female
982,Barnebas,Moggan,bmogganr9@archive.org,Male
983,Lurlene,Hutfield,lhutfieldra@sohu.com,Female
984,Lianna,Dunkinson,ldunkinsonrb@canalblog.com,Female
985,Godfrey,Enrietto,genriettorc@house.gov,Male
986,Maury,Ricker,mrickerrd@blinklist.com,Male
987,Orville,Feavers,ofeaversre@ftc.gov,Male
988,Linnell,Wanell,lwanellrf@wired.com,Female
989,Shelba,Kalker,skalkerrg@state.tx.us,Female
990,Louisette,Rosencrantz,lrosencrantzrh@example.com,Female
991,Corbie,De Nisco,cdeniscori@gnu.org,Male
992,Even,D'Onise,edoniserj@issuu.com,Male
993,Juliet,Pitts,jpittsrk@vimeo.com,Female
994,Annabell,Mebius,amebiusrl@joomla.org,Female
995,Shurlocke,Doumerc,sdoumercrm@blogger.com,Male
996,Florian,Barefoot,fbarefootrn@thetimes.co.uk,Male
997,Stirling,Pritchard,spritchardro@scientificamerican.com,Male
998,Thornie,Steiner,tsteinerrp@auda.org.au,Male
999,Aila,Graeber,agraeberrq@npr.org,Female
1000,Lenora,Housecroft,lhousecroftrr@sina.com.cn,Female
